cep,logradouro,bairro,localidade,uf,lat,lng
06310395,"Estrada Porto de Areia","Vila Gustavo Correia",Carapicuíba,SP,-23.5203613,-46.8277116
06311070,"Rua Doutor João Veloso","Vila Terezinha",Carapicuíba,SP,-23.5196302,-46.8515200
06315030,"Rua Santa Luzia","Vila Santa Terezinha",Carapicuíba,SP,-23.5215863,-46.8459308
06317157,"Rua Guararema","Vila Rosa",Carapicuíba,SP,-23.5277142,-46.8473309
06317341,"Avenida General Teixeira Lott","Centro",Carapicuíba,SP,-23.5278816,-46.8407546
06320300,"Avenida Barueri","Vila Três Irmãos",Carapicuíba,SP,-23.5290406,-46.8365355
06321260,"Rua Tasso","Vila Ema",Carapicuíba,SP,-23.5372992,-46.8342324
06321520,"Rua Tapira","Vila Marcondes",Carapicuíba,SP,-23.5398535,-46.8297430
06322010,"Avenida Eugênia","Centro",Carapicuíba,SP,-23.5251541,-46.8324067
06322210,"Rua São Miguel","Jardim Boa Vista",Carapicuíba,SP,-23.5313072,-46.8344897
06326040,"Avenida São Paulo Apóstolo","Conjunto Habitacional Presidente Castelo Branco",Carapicuíba,SP,-23.5302237,-46.8273009
06326280,"Rua Piracicaba","Conjunto Habitacional Presidente Castelo Branco",Carapicuíba,SP,-23.5770576,-46.8234703
06327020,"Rua Garça","Conjunto Habitacional Presidente Castelo Branco",Carapicuíba,SP,-23.5311665,-46.8512375
06327280,"Rua Buritis","Conjunto Habitacional Presidente Castelo Branco",Carapicuíba,SP,-23.5370852,-46.8263373
06328130,"Rua Miranda","Conjunto Habitacional Presidente Castelo Branco",Carapicuíba,SP,-23.5254506,-46.8258685
06328310,"Rua Paraná","Vila Municipal",Carapicuíba,SP,-23.5407197,-46.8615156
06329020,"Rua Barbacena","Conjunto Habitacional Presidente Castelo Branco",Carapicuíba,SP,-23.5376994,-46.8232452
06330026,"Rua Salmo 91","Parque Jandaia",Carapicuíba,SP,-23.5499346,-46.8254073
06331008,"Estrada da Gabiroba","Jardim Guapiúva",Carapicuíba,SP,-23.5468447,-46.8214488
06331170,"Rua Carlos Marcos Calsolari","Vila Marcondes",Carapicuíba,SP,-23.5417262,-46.8307579
06332060,"Rua São Tomé","Vila Ester",Carapicuíba,SP,-23.5409230,-46.8293168
06332240,"Rua Edson","Vila Leopoldo",Carapicuíba,SP,-23.5462587,-46.8330674
06332390,"Rua Caviúna","Vila Veloso",Carapicuíba,SP,-23.5502702,-46.8291358
06333090,"Viela Campina Grande","Parque Jandaia",Carapicuíba,SP,-23.5582279,-46.8278614
06333320,"Rua Peruíbe","Jardim Santa Brígida",Carapicuíba,SP,-23.5599389,-46.8323336
06334000,"Estrada da Gabiroba","Jardim Santo Estêvão",Carapicuíba,SP,-23.5468447,-46.8214488
06340070,"Rua Pimenta","Jardim Mesquita",Carapicuíba,SP,-23.5686768,-46.8269597
06340260,"Rua Francisca Paskevicius","Parque Santa Teresa",Carapicuíba,SP,-23.5703419,-46.8243057
06341170,"Estrada Onda Verde","Parque Santa Teresa",Carapicuíba,SP,-23.5703919,-46.8200601
06341780,"Rua Pégaso","Jardim Novo Horizonte",Carapicuíba,SP,-23.5744555,-46.8189421
06342170,"Viela Lima","Jardim Helena",Carapicuíba,SP,-23.5824413,-46.8232685
06343250,"Rua Datas","Chácara Granja Velha",Carapicuíba,SP,-23.5750690,-46.8332626
06343500,"Rua Parapuã","Vila Dirce",Carapicuíba,SP,-23.5632007,-46.8363835
06345100,"Rua Aderbal Negrão","Palos Verdes",Carapicuíba,SP,-23.5742865,-46.8377071
06345310,"Rua das Laranjeiras","Chácara dos Lagos",Carapicuíba,SP,-23.5789972,-46.8461808
06350090,"Rua Sapé","Vila Diva",Carapicuíba,SP,-23.5750051,-46.8542334
06351160,"Rua dos Ingás","Nova Fazendinha",Carapicuíba,SP,-23.5674961,-46.8634288
06355090,"Rua Pato Branco","Jardim Ana Estela",Carapicuíba,SP,-23.5582609,-46.8558793
06355280,"Rua Bangu","Chácara Santa Lúcia dos Ypes",Carapicuíba,SP,-23.5652839,-46.8554304
06355465,"Alameda Alemanha","Residencial Euroville",Carapicuíba,SP,-23.5566460,-46.8683584
06360170,"Rua Serra Parima","Jardim Planalto",Carapicuíba,SP,-23.5579801,-46.8378740
06361120,"Estrada Doutor Miguel Vieira Ferreira","Jardim Planalto",Carapicuíba,SP,-23.5561100,-46.8437147
06361330,"Viela Santa Albertina","Jardim Ana Estela",Carapicuíba,SP,-23.5612659,-46.8425918
06362046,"Rua Patativa","Jardim Elzinha",Carapicuíba,SP,-23.5584857,-46.8436090
06362480,"Rua Agulhas Negras","Jardim Planalto",Carapicuíba,SP,-23.5567929,-46.8417071
06363380,"Rua Ipora","Vila Cristina",Carapicuíba,SP,-23.5676943,-46.8433270
06364540,"Rua São Manoel","Jardim Ana Estela",Carapicuíba,SP,-23.5633585,-46.8388605
06365045,"Rua Agrolândia","Jardim Tonato",Carapicuíba,SP,-23.5608677,-46.8484840
06365190,"Rua Maraã","Chácara das Flores",Carapicuíba,SP,-23.5558160,-46.8504778
06365350,"Rua Amália Rocha","Jardim Maria Beatriz",Carapicuíba,SP,-23.5519429,-46.8475200
06365555,"Rua das Araucárias","Alto de Santa Lúcia",Carapicuíba,SP,-23.5476124,-46.8610554
06365660,"Rua Urânio","Jardim Angélica",Carapicuíba,SP,-23.5462598,-46.8588105
06365740,"Rua Itália","Jardim Primeiro de Maio",Carapicuíba,SP,-23.5556707,-46.8522822
06380110,"Rua São Paulo","Vila Freitas",Carapicuíba,SP,-23.5186207,-46.8411598
06381010,"Rua Europa","Vila Silviânia",Carapicuíba,SP,-23.5444026,-46.8365562
06382020,"Rua Fábio Calabi","Vila Capriotti",Carapicuíba,SP,-23.5478881,-46.8394222
06385023,"Estrada das Acácias","Parque Roseira",Carapicuíba,SP,-23.5441072,-46.8462502
06385160,"Rua Catiguá","Parque Roseira",Carapicuíba,SP,-23.5468172,-46.8444071
06385570,"Rua Franca","Vila São Jorge",Carapicuíba,SP,-23.5598457,-46.8372268
06385820,"Rua Ipixuna","Vila Menk",Carapicuíba,SP,-23.5410767,-46.8453625
06386050,"Rua Caucaia","Jardim Ângela Maria",Carapicuíba,SP,-23.5352755,-46.8430198
06386460,"Rua Itapira","Jardim Ana Maria",Carapicuíba,SP,-23.5319846,-46.8403337
06386680,"Rua Marina Teixeira","Vila Creti",Carapicuíba,SP,-23.5293400,-46.8411166
06390260,"Rua Regina","Jardim Sandra Regina",Carapicuíba,SP,-23.5391365,-46.8528266
06390420,"Rua Registro","Cidade Ariston Estela Azevedo",Carapicuíba,SP,-23.5401264,-46.8572592
06390560,"Travessa Olaria","Vila Menk",Carapicuíba,SP,-23.5385292,-46.8468864
06395060,"Rua Gália","Cidade Ariston Estela Azevedo",Carapicuíba,SP,-23.5295616,-46.8512551
06395460,"Rua Dallas","Parque Sampaio Viana",Carapicuíba,SP,-23.5345126,-46.8456689
06396130,"Rua Lins de Vasconcelos","Cidade Ariston Estela Azevedo",Carapicuíba,SP,-23.5302993,-46.8545106
06396500,"Rua Cardoso","Cidade Ariston Estela Azevedo",Carapicuíba,SP,-23.5218226,-46.8541748
06397170,"Rua Araguaia","Vila Lourdes",Carapicuíba,SP,-23.5296088,-46.8560899
06397360,"Rua Assis","Jardim Santa Rita",Carapicuíba,SP,-23.5351977,-46.8580373
